airport,airline,frequency,low_cost
EGLL,BAW,11724,False
EGLL,SHT,2137,False
EGLL,EIN,1280,False
EGLL,BEE,821,True
EGLL,EWG,778,True
EGLL,DLH,598,False
EGLL,DAL,499,False
EGLL,KLM,482,False
EGLL,UAL,446,False
EGLL,SWR,367,False
EGLL,AFR,321,False
EGLL,IBE,309,False
EGLL,AZA,297,False
EGLL,TAP,233,False
EGLL,AFL,227,False
EGLL,AUA,225,False
EGLL,FIN,225,False
EGLL,AEE,178,False
EGLL,BEL,160,False
EGLL,SAS,153,False
EGLL,ASL,133,False
EGLL,ICE,115,False
EGLL,MEA,112,False
EGLL,THY,109,False
EGLL,AMC,87,False
EGLL,LOT,78,False
EGLL,RAM,67,False
EGLL,MSR,59,False
EGLL,ACA,57,False
EGLL,VLG,56,True
EGLL,DAH,54,False
EGLL,KZR,50,False
EGLL,CCA,47,False
EGLL,LZB,40,False
EGLL,GCR,36,False
EGLL,CTN,33,False
EGLL,TAR,32,False
EGLL,IRA,24,False
EGLL,CBJ,24,False
EGLL,CSN,18,False
EGLL,SIA,16,False
EGLL,QTR,11,False
EGLL,UZB,8,False
EGLL,CPA,8,False
EGLL,RJA,8,False
EGLL,BCS,8,False
EGLL,AAL,7,False
EGLL,QAF,7,False
EGLL,ABW,6,False
EGLL,ZZZ,6,False
EGLL,QQQ,3,False
EGLL,GIA,3,False
EGLL,SVA,3,False
EGLL,KAC,3,False
EGLL,ELY,2,False
EGLL,AHY,2,False
EGLL,KRF,2,False
EGLL,BAH,1,False
EGLL,LLL,1,False
EGLL,RRF,1,False
EGLL,AAA,1,False
EGLL,JEP,1,False
EGLL,PPP,1,False
EGLL,OOO,1,False
EGLL,CCC,1,False
EGLL,YYY,1,False
EGLL,ROU,1,False
EGLL,MMM,1,False
EGLL,VPB,1,False
LFPG,AFR,12064,False
LFPG,EJU,2169,False
LFPG,VLG,1155,True
LFPG,DLH,685,False
LFPG,EZY,582,True
LFPG,FPO,550,False
LFPG,DAH,534,False
LFPG,DAL,508,False
LFPG,FDX,372,False
LFPG,BAW,360,False
LFPG,AEA,354,False
LFPG,LBT,332,False
LFPG,AUA,322,False
LFPG,THY,318,False
LFPG,AEE,317,False
LFPG,JAF,315,True
LFPG,KLM,298,False
LFPG,FIN,282,False
LFPG,AZA,281,False
LFPG,AFL,280,False
LFPG,SAS,280,False
LFPG,EIN,273,False
LFPG,EWG,248,True
LFPG,BEE,230,True
LFPG,LGL,226,False
LFPG,BCS,192,False
LFPG,NAX,191,True
LFPG,BEL,179,False
LFPG,ENT,166,False
LFPG,ICE,163,False
LFPG,XLF,157,False
LFPG,CSA,150,False
LFPG,ABR,142,False
LFPG,RAM,141,False
LFPG,CTN,128,False
LFPG,ASL,125,False
LFPG,MEA,116,False
LFPG,IBS,114,False
LFPG,AUI,114,False
LFPG,AAL,110,False
LFPG,LOT,104,False
LFPG,TSC,92,False
LFPG,TVS,90,True
LFPG,AAF,83,False
LFPG,UPS,80,False
LFPG,TAY,79,False
LFPG,NPT,76,False
LFPG,CCA,76,False
LFPG,SWR,75,False
LFPG,MAC,71,True
LFPG,MSR,62,False
LFPG,AMC,60,False
LFPG,SRR,59,False
LFPG,RJA,59,False
LFPG,GFA,58,False
LFPG,SDM,57,False
LFPG,KKK,57,True
LFPG,ELY,57,False
LFPG,ACA,56,False
LFPG,LZB,55,False
LFPG,FOO,54,False
LFPG,SXS,52,True
LFPG,CES,50,False
LFPG,REU,48,False
LFPG,OHY,46,True
LFPG,ROT,45,False
LFPG,UAL,37,False
LFPG,SQP,33,False
LFPG,SWT,32,False
LFPG,KAC,32,False
LFPG,TAR,31,False
LFPG,ANE,26,False
LFPG,KZR,24,False
LFPG,TVF,24,True
LFPG,AHY,24,False
LFPG,MAR,23,False
LFPG,TCV,23,False
LFPG,FLI,20,False
LFPG,FIA,20,False
LFPG,LAV,20,False
LFPG,CRL,17,False
LFPG,ADR,17,False
LFPG,HOP,16,False
LFPG,TGZ,16,False
LFPG,IRA,15,False
LFPG,ABW,15,False
LFPG,FEG,15,False
LFPG,UZB,14,False
LFPG,NIA,11,False
LFPG,RBG,8,True
LFPG,MSC,8,False
LFPG,SVR,8,False
LFPG,SPM,8,False
LFPG,AIZ,7,False
LFPG,MNB,7,False
LFPG,CPA,6,False
LFPG,LMU,5,False
LFPG,BRU,5,False
LFPG,BMS,5,True
LFPG,AWC,3,False
LFPG,QQQ,3,False
LFPG,GZP,2,False
LFPG,GJT,2,False
LFPG,ZZZ,2,False
LFPG,DJT,2,False
LFPG,CHH,2,False
LFPG,TFL,2,False
LFPG,ARN,2,False
LFPG,WWW,1,False
LFPG,UJX,1,False
LFPG,UUU,1,False
LFPG,MDG,1,False
LFPG,SIA,1,False
LFPG,HAT,1,False
LFPG,EZS,1,True
LFPG,QAF,1,False
LFPG,MLH,1,False
LFPG,FRV,1,False
LFPG,SVA,1,False
LFPG,CFG,1,True
LFPG,HFY,1,True
LFPG,XFL,1,False
EHAM,KLM,13911,False
EHAM,TRA,3471,True
EHAM,EJU,1741,False
EHAM,EZY,1086,True
EHAM,TFL,892,False
EHAM,VLG,633,True
EHAM,BEE,599,True
EHAM,BAW,527,False
EHAM,DLH,501,False
EHAM,DAL,350,False
EHAM,CND,348,False
EHAM,EIN,289,False
EHAM,AZA,285,False
EHAM,FOO,273,False
EHAM,RYR,265,True
EHAM,AFR,234,False
EHAM,SAS,228,False
EHAM,SWR,224,False
EHAM,TAP,196,False
EHAM,AUA,171,False
EHAM,EWG,137,True
EHAM,RAM,130,False
EHAM,NAX,128,True
EHAM,SXS,124,True
EHAM,IBS,122,False
EHAM,THY,116,False
EHAM,ICE,114,False
EHAM,AFL,113,False
EHAM,CAI,113,True
EHAM,FIN,110,False
EHAM,CSA,104,False
EHAM,PGT,102,True
EHAM,MAC,102,True
EHAM,ROT,101,False
EHAM,MPH,100,False
EHAM,BCS,96,False
EHAM,ASL,93,False
EHAM,AEA,80,False
EHAM,MSR,78,False
EHAM,CFE,69,False
EHAM,KKK,68,True
EHAM,CTN,66,False
EHAM,EZS,63,True
EHAM,IBK,63,False
EHAM,AEE,59,False
EHAM,UAL,58,False
EHAM,CLX,58,False
EHAM,AAL,56,False
EHAM,TSC,53,False
EHAM,AMC,50,False
EHAM,FDX,33,False
EHAM,KZR,32,False
EHAM,RJA,32,False
EHAM,ABW,32,False
EHAM,SIA,25,False
EHAM,LCO,23,False
EHAM,ADR,23,False
EHAM,ELY,21,False
EHAM,LOT,21,False
EHAM,OHY,20,True
EHAM,TGZ,18,False
EHAM,CAL,17,False
EHAM,AUI,16,False
EHAM,CPA,13,False
EHAM,CKS,10,False
EHAM,PVJ,9,False
EHAM,TVF,9,True
EHAM,SVA,8,False
EHAM,IRA,8,False
EHAM,TAR,7,False
EHAM,BGH,6,False
EHAM,MNB,6,False
EHAM,AZG,6,False
EHAM,BRU,5,False
EHAM,ZZZ,5,False
EHAM,PHG,4,False
EHAM,GTI,4,False
EHAM,EXS,3,True
EHAM,LZB,3,False
EHAM,DTR,2,False
EHAM,TAY,2,False
EHAM,AZI,2,False
EHAM,KKL,2,False
EHAM,JAF,2,True
EHAM,TOM,1,False
EHAM,BSK,1,False
EHAM,KLC,1,False
EHAM,KAY,1,False
EHAM,TST,1,False
EHAM,FRV,1,False
EHAM,SWG,1,True
EHAM,VPC,1,False
EHAM,LAV,1,False
EHAM,GJT,1,False
EDDF,DLH,15936,False
EDDF,RYR,1434,True
EDDF,CFG,1232,True
EDDF,TUI,609,True
EDDF,AUA,566,False
EDDF,SXS,387,True
EDDF,CTN,332,False
EDDF,THY,328,False
EDDF,BAW,276,False
EDDF,AFL,240,False
EDDF,SXD,215,True
EDDF,ANE,203,False
EDDF,EJU,184,False
EDDF,SAS,181,False
EDDF,WZZ,172,True
EDDF,AEE,170,False
EDDF,DAL,169,False
EDDF,TAP,164,False
EDDF,SWR,156,False
EDDF,KLM,152,False
EDDF,AFR,145,False
EDDF,AZA,134,False
EDDF,ADR,119,False
EDDF,AEA,114,False
EDDF,EIN,114,False
EDDF,AUI,113,False
EDDF,FIN,112,False
EDDF,ICE,110,False
EDDF,PGT,91,True
EDDF,ROT,89,False
EDDF,KZR,80,False
EDDF,RAM,68,False
EDDF,CFE,65,False
EDDF,MEA,65,False
EDDF,TAR,65,False
EDDF,CLU,64,False
EDDF,ELY,64,False
EDDF,ASL,59,False
EDDF,GFA,58,False
EDDF,CAI,58,True
EDDF,ACA,56,False
EDDF,RJA,56,False
EDDF,NMB,54,False
EDDF,MLD,54,False
EDDF,AAL,52,False
EDDF,DAH,49,False
EDDF,CCA,48,False
EDDF,ABW,45,False
EDDF,AMC,44,False
EDDF,AAR,43,False
EDDF,BUC,35,False
EDDF,BCS,31,False
EDDF,MSC,27,False
EDDF,OHY,26,True
EDDF,RZO,25,False
EDDF,LBT,25,False
EDDF,CPA,25,False
EDDF,CSN,24,False
EDDF,IAW,24,False
EDDF,VAW,23,False
EDDF,MGL,23,False
EDDF,LOT,21,False
EDDF,LZB,19,False
EDDF,OLY,18,False
EDDF,SVA,18,False
EDDF,LCO,17,False
EDDF,IRA,17,False
EDDF,BRU,17,False
EDDF,OMA,9,False
EDDF,GLP,8,False
EDDF,CAL,8,False
EDDF,CXI,8,False
EDDF,UZB,7,False
EDDF,LMU,7,False
EDDF,FHY,7,False
EDDF,ZZZ,7,False
EDDF,AWC,6,False
EDDF,OTF,6,False
EDDF,ENT,5,False
EDDF,BVR,4,False
EDDF,FDX,3,False
EDDF,SMR,3,False
EDDF,TOW,2,True
EDDF,MAC,2,True
EDDF,LGL,2,False
EDDF,VPB,2,False
EDDF,LAV,2,False
EDDF,KKK,2,True
EDDF,QAF,1,False
EDDF,EZY,1,True
EDDF,EWG,1,True
EDDF,DAT,1,False
EDDF,DAN,1,False
EDDF,GAF,1,False
EDDF,ABR,1,False
EDDF,SAA,1,False
EDDF,VAS,1,False
EDDF,LAN,1,False
LEMD,IBE,5855,False
LEMD,ANE,3890,False
LEMD,IBS,3313,False
LEMD,RYR,3181,True
LEMD,AEA,2300,False
LEMD,VLG,512,True
LEMD,TAP,447,False
LEMD,DLH,438,False
LEMD,IBK,436,False
LEMD,EZY,367,True
LEMD,AFR,331,False
LEMD,WZZ,269,True
LEMD,KLM,260,False
LEMD,EJU,255,False
LEMD,AZA,171,False
LEMD,AFL,168,False
LEMD,BEL,161,False
LEMD,BAW,147,False
LEMD,BCS,141,False
LEMD,RAM,129,False
LEMD,SWT,125,False
LEMD,AAL,108,False
LEMD,EZS,104,True
LEMD,TVF,97,True
LEMD,AEE,89,False
LEMD,THY,88,False
LEMD,AUI,83,False
LEMD,RGN,77,False
LEMD,PLM,74,False
LEMD,ROT,73,False
LEMD,LPE,59,False
LEMD,LOT,58,False
LEMD,LDM,57,False
LEMD,SWR,57,False
LEMD,ENT,56,False
LEMD,UAL,56,False
LEMD,FIN,56,False
LEMD,EIN,56,False
LEMD,CSA,55,False
LEMD,ABR,55,False
LEMD,ARG,52,False
LEMD,VOE,48,True
LEMD,FPO,47,False
LEMD,TAY,45,False
LEMD,LGL,45,False
LEMD,MSR,44,False
LEMD,PGT,41,True
LEMD,BOV,41,False
LEMD,UPS,40,False
LEMD,RJA,40,False
LEMD,MEA,33,False
LEMD,MAC,32,True
LEMD,DAH,28,False
LEMD,JAF,26,True
LEMD,BMS,26,True
LEMD,ICE,25,False
LEMD,LNE,25,False
LEMD,TAR,24,False
LEMD,LZB,24,False
LEMD,PVG,23,False
LEMD,ASL,20,False
LEMD,ELY,18,False
LEMD,CEL,17,False
LEMD,MLD,16,False
LEMD,FEG,15,False
LEMD,CBJ,13,False
LEMD,NMA,11,False
LEMD,EVE,9,False
LEMD,MYX,8,False
LEMD,NIA,8,False
LEMD,LCO,7,False
LEMD,TUI,6,True
LEMD,GIA,5,False
LEMD,TCX,5,False
LEMD,CES,5,False
LEMD,TOM,5,False
LEMD,ECL,5,False
LEMD,SDR,4,False
LEMD,NAX,4,True
LEMD,VKG,3,False
LEMD,ZZZ,3,False
LEMD,AWC,2,False
LEMD,YZR,2,False
LEMD,JTG,2,False
LEMD,NOS,2,False
LEMD,SXD,1,True
LEMD,LMU,1,False
LEMD,CRL,1,False
LEMD,NRS,1,False
LEMD,HAT,1,False
LEMD,VPB,1,False
LEMD,MSC,1,False
LEMD,LAN,1,False
LEMD,ASY,1,False
LEMD,HZS,1,False
LEMD,VPC,1,False
LEMD,MDG,1,False
LEMD,EWG,1,True
LEMD,MLT,1,False
LEMD,REU,1,False
LEMD,ABG,1,False
LEBL,VLG,9996,True
LEBL,RYR,3842,True
LEBL,EJU,1067,False
LEBL,DLH,714,False
LEBL,IBE,708,False
LEBL,EZY,582,True
LEBL,IBK,521,False
LEBL,BAW,462,False
LEBL,EWG,459,True
LEBL,AEA,458,False
LEBL,WZZ,437,True
LEBL,TAP,379,False
LEBL,AFR,339,False
LEBL,KLM,275,False
LEBL,TRA,264,True
LEBL,SWR,255,False
LEBL,AFL,232,False
LEBL,AZA,169,False
LEBL,BEL,168,False
LEBL,EZS,167,True
LEBL,EIN,152,False
LEBL,THY,145,False
LEBL,SVR,130,False
LEBL,RAM,121,False
LEBL,MAC,116,True
LEBL,AAL,110,False
LEBL,FIN,109,False
LEBL,DAH,100,False
LEBL,NAX,100,True
LEBL,KTK,99,False
LEBL,AEE,96,False
LEBL,SDM,96,False
LEBL,LDM,96,False
LEBL,SQP,82,False
LEBL,UPS,79,False
LEBL,BCS,79,False
LEBL,SBI,70,False
LEBL,AUI,65,False
LEBL,LGL,65,False
LEBL,FOO,63,False
LEBL,CSA,63,False
LEBL,EXS,62,True
LEBL,LOT,59,False
LEBL,ELY,58,False
LEBL,ROU,56,False
LEBL,BRU,56,False
LEBL,ROT,56,False
LEBL,ACA,55,False
LEBL,SAS,54,False
LEBL,PGT,52,True
LEBL,TVF,51,True
LEBL,ENT,49,False
LEBL,TAR,49,False
LEBL,MSR,49,False
LEBL,CCA,45,False
LEBL,TAY,43,False
LEBL,BMS,41,True
LEBL,ABG,40,False
LEBL,WRC,37,False
LEBL,FDX,33,False
LEBL,CTN,33,False
LEBL,TSC,33,False
LEBL,RJA,32,False
LEBL,LPE,32,False
LEBL,TAM,30,False
LEBL,TGZ,27,False
LEBL,ANE,26,False
LEBL,MLD,26,False
LEBL,WJA,25,True
LEBL,UTN,24,False
LEBL,ASL,18,False
LEBL,TVP,16,False
LEBL,TUI,16,True
LEBL,RYS,16,False
LEBL,NGT,10,False
LEBL,ZZZ,10,False
LEBL,SDR,9,False
LEBL,GJT,9,False
LEBL,FLI,8,False
LEBL,CFE,8,False
LEBL,LZB,8,False
LEBL,WLB,7,False
LEBL,CFG,5,True
LEBL,ADR,5,False
LEBL,ROJ,4,False
LEBL,FEG,4,False
LEBL,NMA,4,False
LEBL,VPC,3,False
LEBL,AIZ,3,False
LEBL,FBG,2,False
LEBL,LYP,2,False
LEBL,NWS,2,False
LEBL,HAT,2,False
LEBL,NIA,2,False
LEBL,TCX,2,False
LEBL,CRV,2,False
LEBL,QTR,2,False
LEBL,RJD,1,False
LEBL,AUH,1,False
LEBL,GTI,1,False
LEBL,CJT,1,False
LEBL,HBJ,1,False
LEBL,UAL,1,False
LEBL,SMC,1,False
LTFM,THY,20450,False
LTFM,KKK,1392,True
LTFM,OHY,682,True
LTFM,AFL,276,False
LTFM,PGT,274,True
LTFM,AEE,183,False
LTFM,DLH,172,False
LTFM,MEA,170,False
LTFM,AUI,163,False
LTFM,DAH,162,False
LTFM,IAW,141,False
LTFM,ABN,110,False
LTFM,AHY,107,False
LTFM,RJA,102,False
LTFM,LWA,97,False
LTFM,KZR,97,False
LTFM,MSR,96,False
LTFM,BAW,81,False
LTFM,FBA,78,False
LTFM,AFR,58,False
LTFM,MLD,56,False
LTFM,TAR,55,False
LTFM,JZR,53,True
LTFM,TUA,52,False
LTFM,BRQ,51,False
LTFM,JAV,50,True
LTFM,ETH,50,False
LTFM,KLM,49,False
LTFM,UJX,49,False
LTFM,LAA,46,False
LTFM,ETD,41,False
LTFM,AAW,35,False
LTFM,UZB,32,False
LTFM,LBT,32,False
LTFM,VSV,24,False
LTFM,OMA,23,False
LTFM,RIH,19,False
LTFM,AVJ,18,False
LTFM,KAC,16,False
LTFM,DTH,15,False
LTFM,ROT,15,False
LTFM,MSX,15,False
LTFM,RAM,14,False
LTFM,QTR,12,False
LTFM,CSC,8,False
LTFM,KKL,7,False
LTFM,SMR,7,False
LTFM,GFA,5,False
LTFM,ZZZ,4,False
LTFM,IRA,4,False
LTFM,BDR,4,False
LTFM,AZG,4,False
LTFM,FHY,3,False
LTFM,LOT,2,False
LTFM,AWC,2,False
LTFM,GTI,2,False
LTFM,BRU,2,False
LTFM,SVA,2,False
LTFM,FPM,1,False
LTFM,JNK,1,False
LTFM,ARN,1,False
EDDM,DLH,11559,False
EDDM,EWG,1920,True
EDDM,CFG,417,True
EDDM,TUI,414,True
EDDM,SXS,413,True
EDDM,EJU,388,False
EDDM,KLM,322,False
EDDM,BAW,315,False
EDDM,AUA,310,False
EDDM,EZY,299,True
EDDM,AEE,274,False
EDDM,CTN,254,False
EDDM,THY,237,False
EDDM,AFL,224,False
EDDM,AFR,194,False
EDDM,VLG,183,True
EDDM,SWR,175,False
EDDM,IBE,164,False
EDDM,IBK,160,False
EDDM,LGL,152,False
EDDM,TAP,149,False
EDDM,CFE,141,False
EDDM,LDM,136,False
EDDM,FIN,127,False
EDDM,AZA,112,False
EDDM,RYR,109,True
EDDM,SBI,109,False
EDDM,DAL,102,False
EDDM,AMC,101,False
EDDM,AEA,94,False
EDDM,ICE,90,False
EDDM,EIN,89,False
EDDM,ADR,83,False
EDDM,SDM,80,False
EDDM,TAY,75,False
EDDM,NAX,72,True
EDDM,MSR,66,False
EDDM,PGT,63,True
EDDM,UAL,56,False
EDDM,AUI,56,False
EDDM,CAI,53,True
EDDM,AAL,53,False
EDDM,SAS,43,False
EDDM,SAA,41,False
EDDM,CXI,41,False
EDDM,TAR,40,False
EDDM,LOT,39,False
EDDM,GWI,32,True
EDDM,FDX,31,False
EDDM,FHY,29,False
EDDM,KAY,29,False
EDDM,ELY,27,False
EDDM,LBT,24,False
EDDM,RJA,24,False
EDDM,ROT,21,False
EDDM,OHY,20,True
EDDM,TWI,20,False
EDDM,VOE,19,True
EDDM,BUC,18,False
EDDM,MSC,17,False
EDDM,BMS,16,True
EDDM,SXD,16,True
EDDM,VAW,15,False
EDDM,RAM,14,False
EDDM,VMS,14,False
EDDM,OLY,13,False
EDDM,LMU,10,False
EDDM,FEG,10,False
EDDM,NMA,9,False
EDDM,IAW,8,False
EDDM,ISR,8,False
EDDM,MAC,8,True
EDDM,ABW,6,False
EDDM,SDR,6,False
EDDM,ZZZ,6,False
EDDM,DAH,6,False
EDDM,VQB,6,False
EDDM,BCS,5,False
EDDM,OMA,5,False
EDDM,SHJ,4,False
EDDM,HUA,3,False
EDDM,AWC,3,False
EDDM,LLM,2,False
EDDM,KKK,2,True
EDDM,ROJ,2,False
EDDM,AIZ,2,False
EDDM,ANE,1,False
EDDM,BEE,1,True
EDDM,BTI,1,False
EDDM,JMK,1,False
EDDM,VPB,1,False
EDDM,WIF,1,False
EDDM,GSW,1,False
EDDM,TES,1,False
EGKK,EZY,7418,True
EGKK,BAW,3598,False
EGKK,EJU,1405,False
EGKK,IBK,1373,False
EGKK,TOM,1362,False
EGKK,TCX,979,False
EGKK,VLG,912,True
EGKK,RYR,549,True
EGKK,SHT,371,False
EGKK,EIN,315,False
EGKK,THY,276,False
EGKK,VIR,265,False
EGKK,NAX,241,True
EGKK,EZS,237,True
EGKK,WZZ,224,True
EGKK,WJA,176,True
EGKK,TAP,176,False
EGKK,AEA,114,False
EGKK,IBS,112,False
EGKK,AUI,112,False
EGKK,TSC,91,False
EGKK,FOO,87,False
EGKK,ENT,68,False
EGKK,MAC,58,True
EGKK,RAM,58,False
EGKK,SDM,56,False
EGKK,NRS,51,False
EGKK,ICE,44,False
EGKK,AMC,34,False
EGKK,TVS,32,True
EGKK,TGZ,24,False
EGKK,TAR,23,False
EGKK,CTN,19,False
EGKK,IAW,19,False
EGKK,BGH,16,False
EGKK,RWD,11,False
EGKK,BRU,9,False
EGKK,RZO,8,False
EGKK,SHJ,6,False
EGKK,CES,5,False
EGKK,AWC,4,False
EGKK,JAF,3,True
EGKK,HFM,2,False
EGKK,GNJ,2,False
EGKK,AFL,2,False
EGKK,ZZZ,2,False
EGKK,ANE,2,False
EGKK,VKG,1,False
EGKK,VPB,1,False
EGKK,PVG,1,False
EGKK,TES,1,False
EGKK,CRL,1,False
EGKK,BLX,1,False
EGKK,WUK,1,False
LIRF,AZA,9656,False
LIRF,VLG,1957,True
LIRF,RYR,1489,True
LIRF,DLH,567,False
LIRF,EJU,536,False
LIRF,ISS,476,True
LIRF,BPA,414,True
LIRF,AFR,386,False
LIRF,EWG,344,True
LIRF,BAW,330,False
LIRF,AFL,280,False
LIRF,THY,264,False
LIRF,IBE,252,False
LIRF,EZY,247,True
LIRF,KLM,227,False
LIRF,TAP,211,False
LIRF,WZZ,195,True
LIRF,NAX,186,True
LIRF,SWR,164,False
LIRF,AEA,161,False
LIRF,BEL,155,False
LIRF,IBK,146,False
LIRF,AEE,144,False
LIRF,SAS,139,False
LIRF,EXS,138,True
LIRF,FIN,135,False
LIRF,MSR,118,False
LIRF,EIN,111,False
LIRF,NOS,108,False
LIRF,EZS,107,True
LIRF,AMC,105,False
LIRF,AUI,103,False
LIRF,FOO,102,False
LIRF,TSC,96,False
LIRF,LDM,96,False
LIRF,ERN,95,False
LIRF,BMS,92,True
LIRF,MSA,83,False
LIRF,SDM,80,False
LIRF,CTN,80,False
LIRF,PGT,79,True
LIRF,HOP,71,False
LIRF,RAM,69,False
LIRF,LGL,61,False
LIRF,CSA,57,False
LIRF,SVA,57,False
LIRF,SBI,56,False
LIRF,UAL,56,False
LIRF,DAL,56,False
LIRF,MEA,56,False
LIRF,ASL,54,False
LIRF,TAM,54,False
LIRF,TAR,48,False
LIRF,MLD,47,False
LIRF,CSN,47,False
LIRF,CFE,45,False
LIRF,ARG,44,False
LIRF,RJA,43,False
LIRF,LAV,42,False
LIRF,SVR,40,False
LIRF,ROT,40,False
LIRF,KAC,32,False
LIRF,CCA,24,False
LIRF,LZB,24,False
LIRF,PBD,24,True
LIRF,MSC,24,False
LIRF,CSC,21,False
LIRF,TCV,20,False
LIRF,TRA,20,True
LIRF,ABR,19,False
LIRF,ELY,19,False
LIRF,TVF,17,True
LIRF,TDR,16,False
LIRF,LMU,13,False
LIRF,UZB,13,False
LIRF,DAH,13,False
LIRF,FHY,9,False
LIRF,MAC,8,True
LIRF,NMA,8,False
LIRF,ZZZ,7,False
LIRF,HAT,7,False
LIRF,BRU,6,False
LIRF,AAL,3,False
LIRF,ETA,3,False
LIRF,KKK,2,True
LIRF,QTR,2,False
LIRF,CHH,1,False
LIRF,KLJ,1,False
LIRF,ENT,1,False
LIRF,HFY,1,True
LIRF,HFM,1,False
LIRF,ETH,1,False
EIDW,RYR,7158,True
EIDW,EIN,4985,False
EIDW,STK,1469,False
EIDW,DLH,411,False
EIDW,BAW,340,False
EIDW,BEE,219,True
EIDW,TOM,210,False
EIDW,KLM,162,False
EIDW,CFE,117,False
EIDW,IBS,114,False
EIDW,UAL,114,False
EIDW,AFR,114,False
EIDW,AAL,107,False
EIDW,TAP,93,False
EIDW,SAS,91,False
EIDW,EWG,89,True
EIDW,IBK,86,False
EIDW,FIN,80,False
EIDW,BMS,80,True
EIDW,UPS,75,False
EIDW,ICE,71,False
EIDW,SWR,67,False
EIDW,THY,63,False
EIDW,NAX,63,True
EIDW,LDM,57,False
EIDW,LGL,57,False
EIDW,MLD,57,False
EIDW,DAL,56,False
EIDW,AFL,56,False
EIDW,WJA,49,True
EIDW,VLG,47,True
EIDW,TVF,41,True
EIDW,TAY,40,False
EIDW,LAV,39,False
EIDW,BBD,39,False
EIDW,AEE,32,False
EIDW,FDX,32,False
EIDW,CTN,25,False
EIDW,FIA,18,False
EIDW,SXS,13,True
EIDW,ROU,12,False
EIDW,MAC,10,True
EIDW,ABR,9,False
EIDW,BCS,8,False
EIDW,NOS,8,False
EIDW,SBI,8,False
EIDW,TVS,8,True
EIDW,ZZZ,7,False
EIDW,DTR,5,False
EIDW,SWG,4,True
EIDW,AHY,3,False
EIDW,ENT,3,False
EIDW,AZI,3,False
EIDW,ANE,2,False
EIDW,FPO,2,False
EIDW,SPA,1,False
EIDW,CRV,1,False
EIDW,IBE,1,False
EIDW,TSC,1,False
EIDW,TRA,1,True
EIDW,RDN,1,False
EIDW,EXS,1,True
EIDW,FAH,1,False
EIDW,ETD,1,False
EIDW,CRL,1,False
EIDW,MLH,1,False
EIDW,TVP,1,False
EIDW,SSG,1,False
EIDW,RSY,1,False
LFPO,AFR,4301,False
LFPO,TVF,3544,True
LFPO,VLG,1389,True
LFPO,EJU,1330,False
LFPO,AAF,769,False
LFPO,RAM,725,False
LFPO,CCM,628,False
LFPO,TAP,516,False
LFPO,DAH,461,False
LFPO,IBE,318,False
LFPO,CRL,234,False
LFPO,AEA,218,False
LFPO,TAR,212,False
LFPO,JAF,172,True
LFPO,BOS,109,False
LFPO,IBK,88,False
LFPO,PGT,73,True
LFPO,FWI,69,False
LFPO,AMC,67,False
LFPO,AZA,59,False
LFPO,SDM,56,False
LFPO,EZS,54,True
LFPO,DJT,33,False
LFPO,TRA,24,True
LFPO,NAX,23,True
LFPO,HOP,18,False
LFPO,REU,5,False
LFPO,QAF,5,False
LFPO,BAH,3,False
LFPO,CAJ,3,False
LFPO,HFM,3,False
LFPO,ZZZ,2,False
LFPO,FVF,2,False
LFPO,SEJ,2,True
LFPO,TES,2,False
LFPO,CTM,2,False
LFPO,HZS,1,False
LFPO,PAT,1,False
LFPO,LAV,1,False
LFPO,FAC,1,False
LFPO,VAI,1,False
LFPO,LJU,1,False
LOWW,AUA,7962,False
LOWW,EWG,1789,True
LOWW,LDM,1338,False
LOWW,WZZ,967,True
LOWW,FOO,487,False
LOWW,EJU,350,False
LOWW,THY,319,False
LOWW,SXS,273,True
LOWW,BAW,272,False
LOWW,SWR,267,False
LOWW,DLH,264,False
LOWW,AFL,222,False
LOWW,KLM,219,False
LOWW,LGL,190,False
LOWW,EZY,173,True
LOWW,VLG,169,True
LOWW,IBE,155,False
LOWW,AFR,149,False
LOWW,CTN,131,False
LOWW,BEL,126,False
LOWW,FIN,114,False
LOWW,FDX,106,False
LOWW,PGT,106,True
LOWW,EZS,94,True
LOWW,AMC,80,False
LOWW,TAP,75,False
LOWW,AUI,75,False
LOWW,AEE,72,False
LOWW,ELY,58,False
LOWW,EIN,56,False
LOWW,MSR,56,False
LOWW,ROT,54,False
LOWW,AAR,49,False
LOWW,SDM,40,False
LOWW,UPS,39,False
LOWW,SVA,38,False
LOWW,LOT,38,False
LOWW,TAR,33,False
LOWW,TAY,33,False
LOWW,NAX,32,True
LOWW,DAH,32,False
LOWW,RJA,31,False
LOWW,LBT,30,False
LOWW,MSC,27,False
LOWW,LZB,27,False
LOWW,KAC,24,False
LOWW,TGZ,24,False
LOWW,VOE,24,True
LOWW,FEG,23,False
LOWW,TRA,20,True
LOWW,RAM,17,False
LOWW,KNE,16,True
LOWW,BUC,16,False
LOWW,SBI,16,False
LOWW,MLD,16,False
LOWW,GWI,15,True
LOWW,QTR,12,False
LOWW,ENT,10,False
LOWW,AZG,9,False
LOWW,CXI,8,False
LOWW,ADR,8,False
LOWW,MAC,8,True
LOWW,FHY,7,False
LOWW,ASL,6,False
LOWW,TVF,5,True
LOWW,ZZZ,4,False
LOWW,CLX,3,False
LOWW,SSG,3,False
LOWW,AWC,2,False
LOWW,VPB,2,False
LOWW,UTA,2,False
LOWW,BTI,2,False
LOWW,KAY,2,False
LOWW,IAM,1,False
LOWW,AZA,1,False
LOWW,QQQ,1,False
LOWW,BCS,1,False
LOWW,VIP,1,False
LOWW,JAF,1,True
LOWW,OOO,1,False
LOWW,FPO,1,False
LOWW,MMM,1,False
LOWW,TVS,1,True
LOWW,TTT,1,False
LOWW,AHY,1,False
LOWW,SDR,1,False
LOWW,KKK,1,True
LOWW,HZS,1,False
LOWW,OEL,1,False
LOWW,VPC,1,False
LOWW,WWW,1,False
LOWW,LAV,1,False
LSZH,SWR,7135,False
LSZH,EDW,1379,False
LSZH,EWG,652,True
LSZH,GSW,372,False
LSZH,AUA,338,False
LSZH,DLH,308,False
LSZH,EJU,301,False
LSZH,BAW,294,False
LSZH,KLM,262,False
LSZH,TAP,247,False
LSZH,SXS,222,True
LSZH,CTN,201,False
LSZH,THY,186,False
LSZH,EZY,176,True
LSZH,VLG,164,True
LSZH,SAS,162,False
LSZH,ASL,151,False
LSZH,AFR,140,False
LSZH,AEE,117,False
LSZH,IBE,117,False
LSZH,FIN,114,False
LSZH,AFL,113,False
LSZH,DAL,112,False
LSZH,CFE,107,False
LSZH,EIN,74,False
LSZH,ICE,71,False
LSZH,ELY,70,False
LSZH,AMC,58,False
LSZH,AAL,56,False
LSZH,PGT,54,True
LSZH,AUI,51,False
LSZH,OAW,50,True
LSZH,OMA,46,False
LSZH,ANE,44,False
LSZH,OHY,34,True
LSZH,CCA,32,False
LSZH,LZB,29,False
LSZH,TAR,27,False
LSZH,AZA,25,False
LSZH,RJA,24,False
LSZH,RAM,23,False
LSZH,LOT,18,False
LSZH,CYP,16,False
LSZH,CAI,13,True
LSZH,TWI,12,False
LSZH,ADR,11,False
LSZH,MSC,9,False
LSZH,THA,9,False
LSZH,OTF,8,False
LSZH,FEG,7,False
LSZH,ROJ,6,False
LSZH,VMS,6,False
LSZH,AEA,4,False
LSZH,UZB,3,False
LSZH,ZZZ,2,False
LSZH,SVW,2,False
LSZH,VPB,2,False
LSZH,QAF,2,False
LSZH,ENT,2,False
LSZH,JAF,1,True
LSZH,AZG,1,False
LSZH,SVA,1,False
LSZH,SDM,1,False
LSZH,AXY,1,False
LSZH,LGT,1,False
LSZH,CSC,1,False
LSZH,FYG,1,False
LSZH,TDR,1,False
LSZH,WHT,1,False
LSZH,FHY,1,False
LSZH,AUH,1,False
LSZH,VPC,1,False
LSZH,SDR,1,False
LPPT,TAP,7634,False
LPPT,RYR,1568,True
LPPT,EJU,991,False
LPPT,VLG,420,True
LPPT,DLH,322,False
LPPT,RZO,270,False
LPPT,AFR,258,False
LPPT,TVF,254,True
LPPT,EZY,246,True
LPPT,IBE,212,False
LPPT,TRA,180,True
LPPT,BAW,168,False
LPPT,KLM,162,False
LPPT,EWG,149,True
LPPT,WZZ,143,True
LPPT,DAL,116,False
LPPT,BEL,114,False
LPPT,EIN,105,False
LPPT,AZU,98,True
LPPT,EZS,85,True
LPPT,RAM,81,False
LPPT,THY,78,False
LPPT,PVG,75,False
LPPT,SWR,71,False
LPPT,AEE,64,False
LPPT,ROU,64,False
LPPT,TCV,60,False
LPPT,AAL,56,False
LPPT,WUK,56,False
LPPT,FIN,56,False
LPPT,AFL,56,False
LPPT,UAL,56,False
LPPT,TSC,52,False
LPPT,BCS,48,False
LPPT,FOO,47,False
LPPT,TAM,44,False
LPPT,TAY,42,False
LPPT,NAX,41,True
LPPT,EVE,40,False
LPPT,CTN,33,False
LPPT,SAS,32,False
LPPT,MLD,28,False
LPPT,LGL,28,False
LPPT,ELY,28,False
LPPT,MAC,24,True
LPPT,BMS,18,True
LPPT,IBK,17,False
LPPT,IBB,17,False
LPPT,MMZ,15,False
LPPT,TAR,14,False
LPPT,AMC,14,False
LPPT,SWT,13,False
LPPT,DAH,13,False
LPPT,LMU,10,False
LPPT,LBT,9,False
LPPT,STP,8,False
LPPT,LZB,8,False
LPPT,FIA,6,False
LPPT,NOS,5,False
LPPT,ZZZ,3,False
LPPT,WHT,3,False
LPPT,AEA,3,False
LPPT,BRS,2,False
LPPT,TES,2,False
LPPT,HFM,2,False
LPPT,NRS,1,False
LPPT,JMK,1,False
LPPT,DTA,1,False
LPPT,PLM,1,False
LPPT,FBG,1,False
LPPT,VKG,1,False
LPPT,TOM,1,False
LPPT,GNJ,1,False
LPPT,ICE,1,False
LPPT,BPA,1,True
LPPT,ENT,1,False
EKCH,SAS,3672,False
EKCH,IBK,2742,False
EKCH,RYR,1078,True
EKCH,DTR,498,False
EKCH,EJU,433,False
EKCH,DLH,405,False
EKCH,KLM,352,False
EKCH,JTG,336,False
EKCH,FIN,335,False
EKCH,VKG,272,False
EKCH,BAW,259,False
EKCH,NAX,249,True
EKCH,ICE,245,False
EKCH,AUA,235,False
EKCH,SWR,232,False
EKCH,EZY,223,True
EKCH,THY,213,False
EKCH,FLI,197,False
EKCH,BCS,179,False
EKCH,VLG,156,True
EKCH,AFR,149,False
EKCH,WIF,148,False
EKCH,LGL,137,False
EKCH,BEL,132,False
EKCH,WZZ,122,True
EKCH,SXS,120,True
EKCH,PGT,114,True
EKCH,AFL,112,False
EKCH,EWG,109,True
EKCH,BTI,105,False
EKCH,CSA,103,False
EKCH,GRL,102,False
EKCH,EZS,100,True
EKCH,LDM,96,False
EKCH,LOT,82,False
EKCH,TAP,77,False
EKCH,AEE,66,False
EKCH,CTN,65,False
EKCH,ASL,62,False
EKCH,DAL,57,False
EKCH,IBS,56,False
EKCH,AUI,43,False
EKCH,FDX,40,False
EKCH,MSR,39,False
EKCH,ADR,35,False
EKCH,IAW,34,False
EKCH,FHY,26,False
EKCH,TRA,26,True
EKCH,MEA,26,False
EKCH,RJA,24,False
EKCH,AEA,18,False
EKCH,LBT,17,False
EKCH,RAM,16,False
EKCH,TVF,16,True
EKCH,FEG,15,False
EKCH,CAI,15,True
EKCH,LZB,15,False
EKCH,AZA,15,False
EKCH,CXI,14,False
EKCH,BGH,12,False
EKCH,MAC,9,True
EKCH,TVS,8,True
EKCH,LCO,8,False
EKCH,CCA,7,False
EKCH,ZZZ,5,False
EKCH,MAR,3,False
EKCH,EST,3,False
EKCH,CSC,3,False
EKCH,WHT,2,False
EKCH,DHK,2,False
EKCH,BMS,2,True
EKCH,ENT,2,False
EKCH,BAF,2,False
EKCH,RRR,1,False
EKCH,SPA,1,False
EKCH,FBG,1,False
EKCH,CNV,1,False
EKCH,SVA,1,False
EKCH,MLM,1,False
EKCH,VIP,1,False
EKCH,BOX,1,False
EKCH,ANE,1,False
LEPA,RYR,3877,True
LEPA,EWG,2616,True
LEPA,EJU,1412,False
LEPA,VLG,1352,True
LEPA,LDM,1251,False
LEPA,EXS,896,True
LEPA,AEA,783,False
LEPA,EZY,722,True
LEPA,TOM,688,False
LEPA,TUI,650,True
LEPA,ANE,632,False
LEPA,IBK,429,False
LEPA,IBS,416,False
LEPA,CFG,394,True
LEPA,DLH,317,False
LEPA,TCX,300,False
LEPA,NAX,283,True
LEPA,VOE,245,True
LEPA,TRA,239,True
LEPA,JAF,221,True
LEPA,SAS,221,False
LEPA,VKG,195,False
LEPA,TVS,187,True
LEPA,BAW,183,False
LEPA,SWR,178,False
LEPA,CFE,125,False
LEPA,LAV,119,False
LEPA,LGL,110,False
LEPA,ENT,104,False
LEPA,BEL,86,False
LEPA,EIN,80,False
LEPA,JTG,72,False
LEPA,SBI,72,False
LEPA,TFL,68,False
LEPA,EDW,60,False
LEPA,TVF,54,True
LEPA,AFL,52,False
LEPA,EVE,49,False
LEPA,FOO,48,False
LEPA,RYS,47,False
LEPA,SDR,44,False
LEPA,WZZ,40,True
LEPA,NOS,39,False
LEPA,AZA,38,False
LEPA,CND,37,False
LEPA,IBB,34,False
LEPA,BMS,33,True
LEPA,SVR,32,False
LEPA,PVG,28,False
LEPA,BLX,27,False
LEPA,AFR,26,False
LEPA,GSW,26,False
LEPA,OAW,25,True
LEPA,DAH,24,False
LEPA,FIN,20,False
LEPA,FPO,19,False
LEPA,KTK,18,False
LEPA,SQP,16,False
LEPA,CXI,16,False
LEPA,BEE,16,True
LEPA,DTR,16,False
LEPA,TVP,16,False
LEPA,MAC,11,True
LEPA,ASL,11,False
LEPA,AUI,10,False
LEPA,TVL,9,True
LEPA,LZB,9,False
LEPA,EZS,8,True
LEPA,FLI,8,False
LEPA,BRU,6,False
LEPA,HOP,5,False
LEPA,ZZZ,5,False
LEPA,GJT,4,False
LEPA,SWT,3,False
LEPA,ABG,3,False
LEPA,ADR,2,False
LEPA,GWI,2,True
LEPA,QAF,2,False
LEPA,VPC,1,False
LEPA,SWG,1,True
LEPA,OLE,1,False
LEPA,MLT,1,False
LEPA,CSA,1,False
LEPA,HBJ,1,False
LEPA,ESX,1,False
LEPA,BVR,1,False
LEPA,DAB,1,False
LEPA,TAY,1,False
LEPA,GAF,1,False
LEPA,MRB,1,False
EGCC,RYR,2807,True
EGCC,EXS,2201,True
EGCC,BEE,1836,True
EGCC,EZY,1819,True
EGCC,TCX,1519,False
EGCC,TOM,1284,False
EGCC,DLH,329,False
EGCC,VIR,304,False
EGCC,SHT,295,False
EGCC,STK,274,False
EGCC,KLM,251,False
EGCC,EIN,155,False
EGCC,EWG,147,True
EGCC,BEL,142,False
EGCC,SAS,124,False
EGCC,AFR,114,False
EGCC,FIN,113,False
EGCC,CFE,96,False
EGCC,THY,95,False
EGCC,TAP,82,False
EGCC,VLG,62,True
EGCC,TSC,61,False
EGCC,AAL,55,False
EGCC,EJU,52,False
EGCC,SWR,52,False
EGCC,ROU,50,False
EGCC,ICE,38,False
EGCC,IBS,32,False
EGCC,FDX,32,False
EGCC,PGT,31,True
EGCC,BGH,30,False
EGCC,AEE,25,False
EGCC,ELY,23,False
EGCC,NAX,22,True
EGCC,AWC,18,False
EGCC,RAM,16,False
EGCC,IAW,8,False
EGCC,MAC,8,True
EGCC,ERN,8,False
EGCC,LAV,8,False
EGCC,AMC,8,False
EGCC,NVD,7,False
EGCC,AUA,6,False
EGCC,CFG,3,True
EGCC,ADR,2,False
EGCC,ARN,2,False
EGCC,GTI,2,False
EGCC,ASL,2,False
EGCC,BUC,1,False
EGCC,VKG,1,False
EGCC,CHH,1,False
EGCC,AED,1,False
EGCC,ZZZ,1,False
LIMC,EJU,4255,False
LIMC,AZA,1311,False
LIMC,RYR,1245,True
LIMC,ISS,1142,True
LIMC,VLG,586,True
LIMC,DLH,528,False
LIMC,EWG,447,True
LIMC,NOS,427,False
LIMC,TAP,304,False
LIMC,BPA,282,True
LIMC,AFL,278,False
LIMC,WZZ,251,True
LIMC,THY,250,False
LIMC,SAS,247,False
LIMC,KLM,231,False
LIMC,BAW,218,False
LIMC,EZY,186,True
LIMC,SWR,182,False
LIMC,AUA,165,False
LIMC,LAV,157,False
LIMC,AEE,145,False
LIMC,LGL,144,False
LIMC,ERN,120,False
LIMC,AEA,118,False
LIMC,FIN,114,False
LIMC,MSR,112,False
LIMC,ABR,102,False
LIMC,AFR,99,False
LIMC,IBE,99,False
LIMC,RAM,97,False
LIMC,SDM,96,False
LIMC,CSA,92,False
LIMC,TAR,89,False
LIMC,BEL,83,False
LIMC,EIN,75,False
LIMC,FPO,75,False
LIMC,ICV,71,False
LIMC,SVA,59,False
LIMC,BCS,58,False
LIMC,TAM,56,False
LIMC,UTA,55,False
LIMC,MSC,54,False
LIMC,AUI,54,False
LIMC,ASL,52,False
LIMC,NAX,48,True
LIMC,MLD,44,False
LIMC,HAT,44,False
LIMC,MEA,40,False
LIMC,LOT,37,False
LIMC,ICE,33,False
LIMC,LZB,31,False
LIMC,CFE,28,False
LIMC,ABW,27,False
LIMC,TCV,25,False
LIMC,KAC,25,False
LIMC,CTN,24,False
LIMC,CLX,24,False
LIMC,OMA,22,False
LIMC,AAR,22,False
LIMC,FDX,19,False
LIMC,AMC,17,False
LIMC,AZG,17,False
LIMC,DAH,17,False
LIMC,JAF,17,True
LIMC,AHY,16,False
LIMC,UZB,16,False
LIMC,LBT,16,False
LIMC,CPA,16,False
LIMC,RGN,15,False
LIMC,ELY,13,False
LIMC,LMU,13,False
LIMC,AAF,11,False
LIMC,BRU,10,False
LIMC,ZZZ,10,False
LIMC,EZS,10,True
LIMC,MSX,8,False
LIMC,FHY,8,False
LIMC,NMA,8,False
LIMC,QAF,4,False
LIMC,ANE,3,False
LIMC,QTR,2,False
LIMC,SDR,2,False
LIMC,BLX,2,False
LIMC,DUB,2,False
LIMC,TVF,2,True
LIMC,MNB,2,False
LIMC,AWT,2,True
LIMC,HZS,2,False
LIMC,HOP,2,False
LIMC,VQB,1,False
LIMC,OAL,1,False
LIMC,TRA,1,True
LIMC,ABD,1,False
LIMC,CYF,1,False
LIMC,ROJ,1,False
LIMC,SXD,1,True
LIMC,TOM,1,False
LIMC,LTC,1,False
LIMC,MMZ,1,False
LIMC,FOO,1,False
LIMC,LMJ,1,False
LIMC,CKS,1,False
LIMC,WDL,1,False
LIMC,IRA,1,False
LIMC,FAH,1,False
LIMC,BMS,1,True
LIMC,BGH,1,False
LIMC,PGT,1,True
ENGM,NAX,5758,True
ENGM,SAS,5709,False
ENGM,IBK,709,False
ENGM,DLH,336,False
ENGM,KLM,308,False
ENGM,FIN,216,False
ENGM,RYR,178,True
ENGM,BAW,165,False
ENGM,VKG,150,False
ENGM,BEL,112,False
ENGM,AFL,111,False
ENGM,ICE,109,False
ENGM,AFR,108,False
ENGM,THY,107,False
ENGM,WZZ,98,True
ENGM,EJU,56,False
ENGM,LOT,47,False
ENGM,SWR,44,False
ENGM,SXS,43,True
ENGM,NPT,41,False
ENGM,TAP,40,False
ENGM,UPS,40,False
ENGM,BTI,34,False
ENGM,PGT,29,True
ENGM,CTN,25,False
ENGM,IBE,25,False
ENGM,BLX,24,False
ENGM,QTR,24,False
ENGM,VLG,24,True
ENGM,BCS,23,False
ENGM,ICL,16,False
ENGM,AEE,11,False
ENGM,EVE,8,False
ENGM,FEG,8,False
ENGM,KAL,8,False
ENGM,BMS,7,True
ENGM,FPO,6,False
ENGM,ISR,4,False
ENGM,AEA,4,False
ENGM,JTG,4,False
ENGM,CHH,4,False
ENGM,ABW,3,False
ENGM,NVR,3,False
ENGM,LGT,3,False
ENGM,KAY,2,False
ENGM,NVD,2,False
ENGM,MLH,2,False
ENGM,CKS,2,False
ENGM,WIF,2,False
ENGM,ART,1,False
ENGM,CGF,1,False
ENGM,AZG,1,False
ENGM,DHK,1,False
ENGM,TCX,1,False
ENGM,VIP,1,False
ENGM,ENT,1,False
ENGM,AIZ,1,False
EGSS,RYR,10108,True
EGSS,EZY,1632,True
EGSS,EXS,1559,True
EGSS,TCX,299,False
EGSS,TOM,250,False
EGSS,PGT,191,True
EGSS,AWC,147,False
EGSS,UPS,133,False
EGSS,FDX,108,False
EGSS,LDM,108,False
EGSS,EWG,96,True
EGSS,BCS,72,False
EGSS,CFE,64,False
EGSS,KKK,59,True
EGSS,CCM,57,False
EGSS,NPT,54,False
EGSS,WIF,53,False
EGSS,MLD,50,False
EGSS,SAS,34,False
EGSS,THY,32,False
EGSS,ZZZ,28,False
EGSS,DUB,21,False
EGSS,AWT,18,True
EGSS,AAR,14,False
EGSS,CLX,14,False
EGSS,TVF,8,True
EGSS,QAF,7,False
EGSS,VPB,7,False
EGSS,ROJ,7,False
EGSS,MPH,6,False
EGSS,EJU,6,False
EGSS,TES,5,False
EGSS,SXD,5,True
EGSS,RRR,5,False
EGSS,ARN,4,False
EGSS,FPO,4,False
EGSS,SVA,4,False
EGSS,SAM,4,False
EGSS,BAH,3,False
EGSS,VPC,3,False
EGSS,EIN,3,False
EGSS,ORF,3,False
EGSS,AEA,3,False
EGSS,SDR,3,False
EGSS,MLC,3,False
EGSS,TAY,2,False
EGSS,MJF,2,False
EGSS,CRV,2,False
EGSS,TUI,2,True
EGSS,MRI,2,False
EGSS,HBJ,2,False
EGSS,SPA,2,False
EGSS,KKL,2,False
EGSS,GTI,2,False
EGSS,TRA,2,True
EGSS,DJT,1,False
EGSS,UZB,1,False
EGSS,VIP,1,False
EGSS,QTR,1,False
EGSS,ETH,1,False
EGSS,CFG,1,True
EGSS,BWJ,1,False
EGSS,BOX,1,False
EGSS,IAW,1,False
EGSS,NAX,1,True
EGSS,AXY,1,False
EGSS,ENT,1,False
EGSS,JMK,1,False
EGSS,KAY,1,False
EGSS,CLU,1,False
EGSS,BAW,1,False
EGSS,GPO,1,False
EGSS,ABW,1,False
EGSS,JAF,1,True
EGSS,UAE,1,False
EGSS,ABD,1,False
EGSS,MSX,1,False
EGSS,TFL,1,False
EGSS,ICL,1,False
EBBR,BEL,6248,False
EBBR,JAF,1470,True
EBBR,RYR,1205,True
EBBR,BCS,528,False
EBBR,DLH,460,False
EBBR,THY,330,False
EBBR,VLG,272,True
EBBR,TAP,270,False
EBBR,BAW,257,False
EBBR,TWI,233,False
EBBR,SWR,228,False
EBBR,RAM,215,False
EBBR,KLM,192,False
EBBR,CAI,187,True
EBBR,FHY,177,False
EBBR,AFL,168,False
EBBR,IBE,167,False
EBBR,MAC,164,True
EBBR,AZA,158,False
EBBR,AUA,148,False
EBBR,SAS,133,False
EBBR,DAL,115,False
EBBR,AEE,115,False
EBBR,EWG,114,True
EBBR,EJU,110,False
EBBR,FIN,105,False
EBBR,EIN,98,False
EBBR,CTN,90,False
EBBR,EZS,86,True
EBBR,CSA,85,False
EBBR,ROT,78,False
EBBR,AUI,72,False
EBBR,ICE,66,False
EBBR,SXS,64,True
EBBR,ANE,58,False
EBBR,TAR,58,False
EBBR,MSR,55,False
EBBR,AMC,53,False
EBBR,BMS,51,True
EBBR,ELY,46,False
EBBR,SIA,45,False
EBBR,AEA,44,False
EBBR,DAH,41,False
EBBR,LZB,41,False
EBBR,MEA,40,False
EBBR,CKS,40,False
EBBR,TAY,37,False
EBBR,LOT,35,False
EBBR,AAR,31,False
EBBR,ASL,30,False
EBBR,DHK,26,False
EBBR,QTR,24,False
EBBR,TGZ,23,False
EBBR,TSC,19,False
EBBR,RWD,18,False
EBBR,LCO,17,False
EBBR,TPA,15,False
EBBR,FEG,15,False
EBBR,OTF,15,False
EBBR,ADR,12,False
EBBR,LBT,8,False
EBBR,TFL,8,False
EBBR,QSM,7,False
EBBR,CEF,5,False
EBBR,FYG,5,False
EBBR,FPO,5,False
EBBR,MYX,4,False
EBBR,FHM,3,False
EBBR,ZZZ,3,False
EBBR,HUA,3,False
EBBR,BTI,2,False
EBBR,BJN,2,False
EBBR,SSG,2,False
EBBR,GAF,2,False
EBBR,TVS,2,True
EBBR,HFM,2,False
EBBR,ROJ,2,False
EBBR,OHY,2,True
EBBR,TVF,1,True
EBBR,KUG,1,False
EBBR,SAM,1,False
EBBR,DTR,1,False
EBBR,BWJ,1,False
EBBR,FAH,1,False
EBBR,PAC,1,False
EBBR,VPB,1,False
EBBR,CCC,1,False
EBBR,ENT,1,False
EBBR,BGF,1,False
EBBR,HOP,1,False
EBBR,PVG,1,False
ESSA,SAS,3414,False
ESSA,NAX,2644,True
ESSA,IBK,679,False
ESSA,DLH,380,False
ESSA,FIN,375,False
ESSA,BAW,245,False
ESSA,BTI,239,False
ESSA,EWG,224,True
ESSA,AFR,222,False
ESSA,KLM,204,False
ESSA,THY,179,False
ESSA,SWR,177,False
ESSA,EJU,160,False
ESSA,BLX,146,False
ESSA,ICE,124,False
ESSA,AFL,112,False
ESSA,VAS,80,False
ESSA,VKG,73,False
ESSA,PGT,70,True
ESSA,FDX,65,False
ESSA,AUI,64,False
ESSA,ASL,59,False
ESSA,TAP,58,False
ESSA,CSA,57,False
ESSA,UAL,57,False
ESSA,AUA,56,False
ESSA,EZS,53,True
ESSA,UPS,45,False
ESSA,SXS,40,True
ESSA,LOT,39,False
ESSA,IBE,39,False
ESSA,CES,33,False
ESSA,AEE,31,False
ESSA,VLG,31,True
ESSA,EZY,30,True
ESSA,AZA,26,False
ESSA,CTN,24,False
ESSA,AEA,24,False
ESSA,TRA,18,True
ESSA,CAI,18,True
ESSA,LBT,16,False
ESSA,RAM,16,False
ESSA,CXI,16,False
ESSA,TVS,12,True
ESSA,KKK,9,True
ESSA,JTG,8,False
ESSA,WLB,8,False
ESSA,BGH,8,False
ESSA,IRA,7,False
ESSA,BMS,5,True
ESSA,FHY,5,False
ESSA,ENT,4,False
ESSA,WHT,3,False
ESSA,BEE,2,True
ESSA,CCA,2,False
ESSA,ZZZ,2,False
ESSA,TAY,2,False
ESSA,SDR,2,False
ESSA,EST,2,False
ESSA,ROL,1,False
ESSA,CLX,1,False
ESSA,PVG,1,False
ESSA,MLD,1,False
ESSA,VPB,1,False
ESSA,FHM,1,False
ESSA,CNV,1,False
ESSA,TOM,1,False
ESSA,BCS,1,False
ESSA,ABD,1,False
LGAV,OAL,5289,False
LGAV,AEE,3971,False
LGAV,RYR,1140,True
LGAV,DLH,406,False
LGAV,AFR,333,False
LGAV,SEH,328,False
LGAV,AZA,319,False
LGAV,TVF,248,True
LGAV,ELB,193,False
LGAV,EJU,173,False
LGAV,AFL,168,False
LGAV,AZI,168,False
LGAV,SWR,148,False
LGAV,ROU,143,False
LGAV,WZZ,130,True
LGAV,SAS,128,False
LGAV,TRA,120,True
LGAV,ASL,118,False
LGAV,BAW,116,False
LGAV,THY,113,False
LGAV,VLG,106,True
LGAV,IBE,104,False
LGAV,BMS,104,True
LGAV,AUA,101,False
LGAV,EZY,89,True
LGAV,TAY,81,False
LGAV,MEA,80,False
LGAV,CYP,79,False
LGAV,KLM,78,False
LGAV,EWG,75,True
LGAV,ELY,70,False
LGAV,TSC,63,False
LGAV,CTN,61,False
LGAV,MSR,60,False
LGAV,WUK,56,False
LGAV,QTR,54,False
LGAV,JAF,52,True
LGAV,PGT,50,True
LGAV,AUI,49,False
LGAV,BEL,48,False
LGAV,NAX,48,True
LGAV,ROT,48,False
LGAV,IBK,48,False
LGAV,ETD,47,False
LGAV,OMA,43,False
LGAV,BCS,40,False
LGAV,EZS,38,True
LGAV,SVA,31,False
LGAV,EIN,24,False
LGAV,VOE,21,True
LGAV,FIN,20,False
LGAV,JNK,20,False
LGAV,ZZZ,16,False
LGAV,RAM,16,False
LGAV,IBS,14,False
LGAV,AWC,13,False
LGAV,CMB,12,False
LGAV,ISR,10,False
LGAV,FPO,10,False
LGAV,RYS,9,False
LGAV,RJA,9,False
LGAV,TVP,8,False
LGAV,AEA,8,False
LGAV,LZB,8,False
LGAV,ENT,6,False
LGAV,TDR,5,False
LGAV,FRV,5,False
LGAV,CXI,4,False
LGAV,GFA,4,False
LGAV,LAV,3,False
LGAV,REU,3,False
LGAV,PHG,3,False
LGAV,ICL,2,False
LGAV,SCX,2,True
LGAV,HZA,2,False
LGAV,PVG,2,False
LGAV,BSK,2,False
LGAV,CNV,2,False
LGAV,AAL,2,False
LGAV,LLM,2,False
LGAV,AAF,2,False
LGAV,BPA,1,True
LGAV,ROJ,1,False
LGAV,LGL,1,False
LGAV,ANE,1,False
LGAV,DCS,1,False
LGAV,VPB,1,False
LGAV,CCA,1,False
LGAV,EIG,1,False
LGAV,RJD,1,False
LGAV,TVS,1,True
LGAV,KAY,1,False
LGAV,TFL,1,False
LGAV,OLY,1,False
LGAV,HZX,1,False
LGAV,UAL,1,False
EDDL,EWG,6839,True
EDDL,DLH,1025,False
EDDL,LDM,855,False
EDDL,TUI,728,True
EDDL,SXS,562,True
EDDL,CFG,491,True
EDDL,SXD,474,True
EDDL,AUA,419,False
EDDL,BEE,396,True
EDDL,EJU,295,False
EDDL,BAW,280,False
EDDL,THY,263,False
EDDL,AFL,225,False
EDDL,SWR,167,False
EDDL,IBE,161,False
EDDL,PGT,149,True
EDDL,AEE,145,False
EDDL,OHY,142,True
EDDL,IBK,123,False
EDDL,EIN,112,False
EDDL,FIN,112,False
EDDL,SAS,110,False
EDDL,AFR,110,False
EDDL,TAP,106,False
EDDL,CAI,98,True
EDDL,LOT,81,False
EDDL,KLM,80,False
EDDL,BUC,72,False
EDDL,GWI,66,True
EDDL,OTF,63,False
EDDL,KKK,61,True
EDDL,SDM,56,False
EDDL,AUI,56,False
EDDL,VLG,47,True
EDDL,EZY,46,True
EDDL,LBT,44,False
EDDL,TAR,38,False
EDDL,ASL,34,False
EDDL,CXI,30,False
EDDL,ICE,29,False
EDDL,MSC,27,False
EDDL,ETD,25,False
EDDL,SBI,24,False
EDDL,HOP,23,False
EDDL,VAW,20,False
EDDL,CCA,19,False
EDDL,AWT,18,True
EDDL,OLY,18,False
EDDL,CTN,17,False
EDDL,AMC,16,False
EDDL,IAW,16,False
EDDL,NMA,14,False
EDDL,SDR,8,False
EDDL,TWI,8,False
EDDL,GLP,8,False
EDDL,WLB,8,False
EDDL,LMU,6,False
EDDL,RAM,6,False
EDDL,TFL,6,False
EDDL,ENT,5,False
EDDL,HBJ,3,False
EDDL,LAV,2,False
EDDL,SMR,2,False
EDDL,KKL,2,False
EDDL,VKG,2,False
EDDL,TCX,2,False
EDDL,KAY,1,False
EDDL,NIA,1,False
EDDL,EDW,1,False
EDDL,SEH,1,False
EDDL,DAT,1,False
EDDL,AZA,1,False
EDDL,RYR,1,True
EDDL,DAN,1,False
